Designator,Mid X,Mid Y,Rotation,Layer
C10,112.3,55.1,90.0,top
C12,69.2,12.3,0.0,top
C13,19.4,52.7,180.0,top
C14,101.8,40.9,270.0,top
C15,18.9,47.4,0.0,top
C16,18.9,48.9,0.0,top
C17,18.9,44.4,0.0,top
C18,18.9,45.9,0.0,top
C19,25.3,46.6,270.0,top
C2,99.5,58.1,0.0,top
C20,18.9,39.8,0.0,top
C21,18.9,41.3,0.0,top
C22,18.9,36.8,0.0,top
C23,18.9,38.3,0.0,top
C24,25.3,38.9,270.0,top
C25,30.0,9.4,0.0,top
C26,31.825,32.6,180.0,top
C27,64.9,11.3,90.0,top
C28,100.0,39.4,90.0,top
C29,39.7,31.6,270.0,top
C30,41.1,25.1,180.0,top
C31,28.9,21.8,90.0,top
C32,41.1,23.6,180.0,top
C33,41.1,26.6,180.0,top
C34,30.4,20.9,90.0,top
C35,24.9,30.0,270.0,top
C36,25.3,53.4,180.0,top
C37,100.4,35.4,0.0,top
C4,30.0,7.8,0.0,top
C6,53.9,31.7,270.0,top
C7,43.3,44.5,0.0,top
C8,102.4,19.4,270.0,top
C9,69.1,8.8,90.0,top
D1,93.2,58.0,180.0,top
D10,47.8,50.0,180.0,top
D11,38.5,52.0,180.0,top
D12,38.5,49.0,180.0,top
D13,47.8,54.5,180.0,top
D14,47.8,51.5,180.0,top
D15,99.8,1.2,180.0,top
D16,96.3,1.2,180.0,top
D17,73.157838,31.5,90.0,top
D18,103.0,58.005,0.0,top
D19,33.4,56.6,270.0,top
D2,96.3,58.0,0.0,top
D20,32.0,56.6,270.0,top
D21,42.3,57.3,0.0,top
D22,30.6,56.6,270.0,top
D23,39.6,57.3,180.0,top
D24,29.2,56.6,270.0,top
D25,85.7,34.7,180.0,top
D26,61.1,34.7,180.0,top
D27,69.282982,34.700647,180.0,top
D28,77.482982,34.7,180.0,top
D29,112.8,34.1,270.0,top
D3,15.3625,48.1,180.0,top
D30,69.6,1.2,180.0,top
D31,15.4,39.4,180.0,top
D32,23.8,63.8,0.0,top
D33,43.395,25.8,90.0,top
D34,47.8,39.5,180.0,top
D35,47.8,42.5,180.0,top
D36,47.8,45.5,180.0,top
D37,47.8,48.5,180.0,top
D38,47.8,38.0,180.0,top
D39,47.8,41.0,180.0,top
D4,81.3,31.5,90.0,top
D40,47.8,44.0,180.0,top
D41,47.8,47.0,180.0,top
D42,13.5,51.4,180.0,top
D43,12.4,41.6,180.0,top
D44,15.3625,43.8,180.0,top
D45,19.7,34.0,270.0,top
D46,12.4,46.0,180.0,top
D47,15.6,35.5,270.0,top
D48,33.1,5.1,180.0,top
D49,22.8,11.1,90.0,top
D5,56.7,31.5,90.0,top
D50,18.9,11.1,90.0,top
D51,31.1,16.305,180.0,top
D52,57.7,21.5,270.0,top
D53,61.15,21.5375,270.0,top
D54,65.0,21.5625,270.0,top
D55,70.05,21.5375,270.0,top
D6,64.962992,31.5,90.0,top
D7,38.5,50.5,180.0,top
D8,38.5,47.5,180.0,top
D9,47.8,53.0,180.0,top
F1,34.6,8.2,180.0,top
F2,10.1,10.5,0.0,top
F3,99.1,49.2,270.0,top
F4,101.5,49.2,270.0,top
F5,48.0,60.8,270.0,top
F6,26.2,59.2,90.0,top
F8,10.1,8.1,0.0,top
FID1,15.1,2.4,0.0,top
FID2,89.9,47.4,0.0,top
J1,42.5,3.688535,0.0,top
J5,32.4,59.5,180.0,top
J6,42.0,61.5,180.0,top
J7,78.3,9.2655,0.0,top
J8,15.05,55.797,180.0,top
J9,104.7345,43.8,90.0,top
K1,84.340005,42.21999,90.0,top
K2,59.740005,42.21999,90.0,top
K3,67.922987,42.220637,90.0,top
K4,76.122987,42.21999,90.0,top
Q1,84.4625,31.8,0.0,top
Q2,59.8625,31.8,0.0,top
Q3,67.962992,31.8,0.0,top
Q4,76.245482,31.8,0.0,top
R10,41.4,52.0,0.0,top
R11,41.4,49.0,0.0,top
R12,50.7,54.5,0.0,top
R13,50.7,51.5,0.0,top
R14,64.962992,34.575,270.0,top
R15,73.157838,34.6,270.0,top
R16,53.1,21.1,90.0,top
R17,54.9,21.1,90.0,top
R18,67.5,21.9,90.0,top
R19,94.7,17.925,270.0,top
R2,55.0,7.6,0.0,top
R20,94.8,49.4,270.0,top
R21,96.5,49.4,270.0,top
R24,26.9,56.1,180.0,top
R25,87.3,31.8,270.0,top
R26,30.9,47.4,180.0,top
R27,27.9,47.4,0.0,top
R28,30.9,48.9,180.0,top
R29,27.9,48.9,0.0,top
R3,51.8,7.6,0.0,top
R30,30.9,44.4,180.0,top
R31,27.9,44.4,0.0,top
R32,30.9,45.9,180.0,top
R33,27.9,45.9,0.0,top
R34,50.7,39.5,0.0,top
R35,30.9,39.7,180.0,top
R36,27.9,39.7,0.0,top
R37,30.9,41.2,180.0,top
R38,27.9,41.2,0.0,top
R39,30.9,36.7,180.0,top
R4,81.3,34.6,270.0,top
R40,27.9,36.7,0.0,top
R41,30.9,38.2,180.0,top
R42,27.9,38.2,0.0,top
R43,50.7,42.5,0.0,top
R44,62.7,31.8,270.0,top
R45,70.882982,31.800647,270.0,top
R46,79.082982,31.8,270.0,top
R47,45.6,28.7,0.0,top
R5,56.691902,34.557351,270.0,top
R50,36.4,18.7,90.0,top
R51,37.9,18.7,270.0,top
R54,33.4,18.7,90.0,top
R55,39.4,18.7,90.0,top
R56,108.5,11.425,90.0,top
R57,111.5,11.425,90.0,top
R58,107.0,11.425,90.0,top
R59,110.0,11.425,90.0,top
R6,41.4,50.5,0.0,top
R60,31.9,18.7,90.0,top
R61,69.6,2.7,180.0,top
R62,23.0,61.4,270.0,top
R63,44.9,25.8,90.0,top
R64,99.8,2.7,180.0,top
R65,96.3,2.7,180.0,top
R66,50.7,45.5,0.0,top
R67,50.7,48.5,0.0,top
R68,50.7,38.0,0.0,top
R69,50.7,41.0,0.0,top
R7,41.4,47.5,0.0,top
R70,50.7,44.0,0.0,top
R71,50.7,47.0,0.0,top
R73,110.0,20.425,270.0,top
R74,111.5,20.425,270.0,top
R75,107.0,20.425,270.0,top
R76,108.5,20.425,270.0,top
R77,21.3,11.1,270.0,top
R78,17.4,11.1,270.0,top
R79,29.6,18.6,180.0,top
R8,50.7,53.0,0.0,top
R80,32.945,1.695,270.0,top
R9,50.7,50.0,0.0,top
TP10,18.9,7.3,0.0,top
TP11,91.9,5.0,0.0,bottom
TP12,88.2,5.0,0.0,bottom
TP13,49.4,31.5,90.0,top
TP14,44.8,31.5,90.0,top
TP2,22.8,7.3,90.0,top
TP3,48.7,10.6,0.0,top
TP4,52.4,10.6,0.0,top
TP5,22.8,3.3,0.0,top
TP6,16.5,15.4,0.0,top
TP7,12.9,15.5,0.0,top
TP8,42.1,29.2,0.0,top
TP9,47.3,26.1,0.0,top
U1,109.0,55.0,270.0,top
U10,59.7,11.3,270.0,top
U11,95.4,39.8,270.0,top
U12,42.1,11.575001,90.0,top
U2,39.8,39.6,270.0,top
U3,99.496,13.479,270.0,top
U4,78.3,13.7,90.0,top
U5,9.637499,50.2,270.0,top
U6,99.5,44.2,180.0,top
U7,22.7,46.6,180.0,top
U8,22.7,38.9,180.0,top
U9,35.3,26.5,270.0,top
Y1,27.8,30.1,0.0,top
